Afisare agenti,Sat Apr 18 22:46:14 EEST 2020
Adaugare agent,Sat Apr 18 22:46:37 EEST 2020
Afisare agenti,Sat Apr 18 22:46:40 EEST 2020
Afisare dupa zone,Sat Apr 18 22:46:51 EEST 2020
Cautare dupa Buget,Sat Apr 18 22:46:56 EEST 2020
Cautare cumparare,Sat Apr 18 22:47:05 EEST 2020
Cautare cumparare,Sat Apr 18 22:47:15 EEST 2020
Afisare suprafata maxima disponibila,Sat Apr 18 22:47:19 EEST 2020
Afisare agenti,Sat Apr 18 22:48:30 EEST 2020
Afisare agenti,Sat Apr 18 22:50:19 EEST 2020
Cautare dupa Buget,Sat Apr 18 23:40:56 EEST 2020
Cautare dupa Buget,Sat Apr 18 23:41:24 EEST 2020
Afisare agenti,Mon Apr 27 15:57:08 EEST 2020
Adaugare agent,Mon Apr 27 15:57:15 EEST 2020
Afisare agenti,Mon Apr 27 15:57:18 EEST 2020
Afisare agenti,Wed May 13 19:40:39 EEST 2020
Adaugare agent,Sun May 24 20:54:20 EEST 2020
Cautare agent,Sun May 24 20:54:32 EEST 2020
Cautare agent,Sun May 24 20:54:40 EEST 2020
Modificare zona agent,Sun May 24 20:54:53 EEST 2020
Cautare agent,Sun May 24 21:04:43 EEST 2020
Modificare zona agent,Sun May 24 21:05:01 EEST 2020
Stergere agent,Sun May 24 21:05:07 EEST 2020
Adaugare casa,Sun May 24 21:05:39 EEST 2020
Adaugare casa,Sun May 24 21:06:01 EEST 2020
Adaugare casa,Sun May 24 21:06:22 EEST 2020
Modificare pret casa,Sun May 24 21:06:32 EEST 2020
Stergere casa,Sun May 24 21:08:00 EEST 2020
Stergere casa,Sun May 24 21:08:43 EEST 2020
Stergere casa,Sun May 24 21:08:49 EEST 2020
Adaugare apartament,Sun May 24 21:09:20 EEST 2020
Adaugare apartament,Sun May 24 21:09:47 EEST 2020
Adaugare apartament,Sun May 24 21:10:23 EEST 2020
Modificare pret apartament,Sun May 24 21:11:33 EEST 2020
Modificare pret apartament,Sun May 24 21:11:41 EEST 2020
Stergere apartament,Sun May 24 21:12:13 EEST 2020
Stergere casa,Sun May 24 21:12:42 EEST 2020
